id,residential_gfa,commercial_gfa,civic_gfa,other_gfa,site_coverage,max_height
kml_88545,51380.4836999,34253.6557999,0,0,0.7,100
kml_88544,59772.7772736,39848.5181824,0,0,0.7,100
kml_88494,80986.9180175,53991.2786783,0,0,0.7,100
kml_88550,50679.6172062,33786.4114708,0,0,0.7,100
kml_88492,145599.743495,97066.4956635,0,0,0.7,100
kml_88490,69085.9056049,46057.2704033,0,0,0.7,100
kml_88547,119145.734911,79430.489941,0,0,0.7,100