id,residential_gfa,commercial_gfa,civic_gfa,other_gfa,site_coverage,max_height
kml_25632,3708.40729798,1589.31741342,0,0,0.7,100
kml_30540,381177.651717,163361.850736,0,0,0.7,100