id,residential_gfa,commercial_gfa,civic_gfa,other_gfa,site_coverage,max_height
kml_28300,1897713.55041,210857.061157,0,0,0.7,100
kml_33895,27992.0106276,3110.22340307,0,0,0.7,100