id,residential_gfa,commercial_gfa,civic_gfa,other_gfa,site_coverage,max_height
kml_45517,20305.6572281,2256.18413645,0,0,0.7,100
kml_45516,52191.440714,5799.04896823,0,0,0.7,100