id,cluster
20408.559092799616_35628.61268714663,8
